Paso,Posicion_X,Posicion_Y,Velocidad_X,Velocidad_Y
0,3,9,9,3
1,-4.74204e+08,-3.51262e+07,-4.74204e+10,-3.51262e+09
2,-1.42261e+09,-1.05379e+08,-9.48408e+10,-7.02525e+09
3,-2.84523e+09,-2.10757e+08,-1.42261e+11,-1.05379e+10
4,-4.74204e+09,-3.51262e+08,-1.89682e+11,-1.40505e+10
5,-7.11306e+09,-5.26894e+08,-2.37102e+11,-1.75631e+10
6,-9.95829e+09,-7.37651e+08,-2.84523e+11,-2.10757e+10
7,-1.32777e+10,-9.83535e+08,-3.31943e+11,-2.45884e+10
8,-1.70714e+10,-1.26454e+09,-3.79363e+11,-2.8101e+10
9,-2.13392e+10,-1.58068e+09,-4.26784e+11,-3.16136e+10
10,-2.60812e+10,-1.93194e+09,-4.74204e+11,-3.51262e+10
11,-3.12975e+10,-2.31833e+09,-5.21625e+11,-3.86389e+10
12,-3.69879e+10,-2.73985e+09,-5.69045e+11,-4.21515e+10
13,-4.31526e+10,-3.19649e+09,-6.16465e+11,-4.56641e+10
14,-4.97914e+10,-3.68825e+09,-6.63886e+11,-4.91767e+10
15,-5.69045e+10,-4.21515e+09,-7.11306e+11,-5.26894e+10
16,-6.44918e+10,-4.77717e+09,-7.58727e+11,-5.6202e+10
17,-7.25532e+10,-5.37431e+09,-8.06147e+11,-5.97146e+10
18,-8.10889e+10,-6.00659e+09,-8.53568e+11,-6.32272e+10
19,-9.00988e+10,-6.67398e+09,-9.00988e+11,-6.67398e+10
20,-9.95829e+10,-7.37651e+09,-9.48408e+11,-7.02525e+10
21,-1.09541e+11,-8.11416e+09,-9.95829e+11,-7.37651e+10
22,-1.19974e+11,-8.88694e+09,-1.04325e+12,-7.72777e+10
23,-1.3088e+11,-9.69484e+09,-1.09067e+12,-8.07903e+10
24,-1.42261e+11,-1.05379e+10,-1.13809e+12,-8.4303e+10
25,-1.54116e+11,-1.1416e+10,-1.18551e+12,-8.78156e+10
26,-1.66446e+11,-1.23293e+10,-1.23293e+12,-9.13282e+10
27,-1.79249e+11,-1.32777e+10,-1.28035e+12,-9.48408e+10
28,-1.92527e+11,-1.42613e+10,-1.32777e+12,-9.83535e+10
29,-2.06279e+11,-1.52799e+10,-1.37519e+12,-1.01866e+11
30,-2.20505e+11,-1.63337e+10,-1.42261e+12,-1.05379e+11
31,-2.35205e+11,-1.74226e+10,-1.47003e+12,-1.08891e+11
32,-2.5038e+11,-1.85467e+10,-1.51745e+12,-1.12404e+11
33,-2.66029e+11,-1.97058e+10,-1.56487e+12,-1.15917e+11
34,-2.82151e+11,-2.09001e+10,-1.61229e+12,-1.19429e+11
35,-2.98749e+11,-2.21295e+10,-1.65971e+12,-1.22942e+11
36,-3.1582e+11,-2.33941e+10,-1.70714e+12,-1.26454e+11
37,-3.33366e+11,-2.46937e+10,-1.75456e+12,-1.29967e+11
38,-3.51385e+11,-2.60285e+10,-1.80198e+12,-1.3348e+11
39,-3.69879e+11,-2.73985e+10,-1.8494e+12,-1.36992e+11
40,-3.88847e+11,-2.88035e+10,-1.89682e+12,-1.40505e+11
41,-4.0829e+11,-3.02437e+10,-1.94424e+12,-1.44018e+11
42,-4.28206e+11,-3.1719e+10,-1.99166e+12,-1.4753e+11
43,-4.48597e+11,-3.32294e+10,-2.03908e+12,-1.51043e+11
44,-4.69462e+11,-3.4775e+10,-2.0865e+12,-1.54555e+11
45,-4.90801e+11,-3.63557e+10,-2.13392e+12,-1.58068e+11
46,-5.12615e+11,-3.79715e+10,-2.18134e+12,-1.61581e+11
47,-5.34902e+11,-3.96224e+10,-2.22876e+12,-1.65093e+11
48,-5.57664e+11,-4.13085e+10,-2.27618e+12,-1.68606e+11
49,-5.809e+11,-4.30296e+10,-2.3236e+12,-1.72119e+11
50,-6.0461e+11,-4.47859e+10,-2.37102e+12,-1.75631e+11
51,-6.28795e+11,-4.65774e+10,-2.41844e+12,-1.79144e+11
52,-6.53453e+11,-4.8404e+10,-2.46586e+12,-1.82656e+11
53,-6.78586e+11,-5.02656e+10,-2.51328e+12,-1.86169e+11
54,-7.04193e+11,-5.21625e+10,-2.5607e+12,-1.89682e+11
55,-7.30274e+11,-5.40944e+10,-2.60812e+12,-1.93194e+11
56,-7.5683e+11,-5.60615e+10,-2.65554e+12,-1.96707e+11
57,-7.83859e+11,-5.80637e+10,-2.70296e+12,-2.0022e+11
58,-8.11363e+11,-6.0101e+10,-2.75038e+12,-2.03732e+11
59,-8.39341e+11,-6.21734e+10,-2.7978e+12,-2.07245e+11
60,-8.67794e+11,-6.4281e+10,-2.84523e+12,-2.10757e+11
61,-8.9672e+11,-6.64237e+10,-2.89265e+12,-2.1427e+11
62,-9.26121e+11,-6.86015e+10,-2.94007e+12,-2.17783e+11
63,-9.55996e+11,-7.08145e+10,-2.98749e+12,-2.21295e+11
64,-9.86345e+11,-7.30626e+10,-3.03491e+12,-2.24808e+11
65,-1.01717e+12,-7.53458e+10,-3.08233e+12,-2.28321e+11
66,-1.04847e+12,-7.76641e+10,-3.12975e+12,-2.31833e+11
67,-1.08024e+12,-8.00176e+10,-3.17717e+12,-2.35346e+11
68,-1.11248e+12,-8.24061e+10,-3.22459e+12,-2.38858e+11
69,-1.1452e+12,-8.48299e+10,-3.27201e+12,-2.42371e+11
70,-1.1784e+12,-8.72887e+10,-3.31943e+12,-2.45884e+11
71,-1.21207e+12,-8.97827e+10,-3.36685e+12,-2.49396e+11
72,-1.24621e+12,-9.23117e+10,-3.41427e+12,-2.52909e+11
73,-1.28083e+12,-9.4876e+10,-3.46169e+12,-2.56422e+11
74,-1.31592e+12,-9.74753e+10,-3.50911e+12,-2.59934e+11
75,-1.35148e+12,-1.0011e+11,-3.55653e+12,-2.63447e+11
76,-1.38752e+12,-1.02779e+11,-3.60395e+12,-2.66959e+11
77,-1.42404e+12,-1.05484e+11,-3.65137e+12,-2.70472e+11
78,-1.46102e+12,-1.08224e+11,-3.69879e+12,-2.73985e+11
79,-1.49849e+12,-1.10999e+11,-3.74621e+12,-2.77497e+11
80,-1.53642e+12,-1.13809e+11,-3.79363e+12,-2.8101e+11
81,-1.57483e+12,-1.16654e+11,-3.84105e+12,-2.84523e+11
82,-1.61372e+12,-1.19535e+11,-3.88847e+12,-2.88035e+11
83,-1.65308e+12,-1.2245e+11,-3.93589e+12,-2.91548e+11
84,-1.69291e+12,-1.25401e+11,-3.98332e+12,-2.9506e+11
85,-1.73322e+12,-1.28386e+11,-4.03074e+12,-2.98573e+11
86,-1.774e+12,-1.31407e+11,-4.07816e+12,-3.02086e+11
87,-1.81525e+12,-1.34463e+11,-4.12558e+12,-3.05598e+11
88,-1.85698e+12,-1.37554e+11,-4.173e+12,-3.09111e+11
89,-1.89919e+12,-1.40681e+11,-4.22042e+12,-3.12623e+11
90,-1.94187e+12,-1.43842e+11,-4.26784e+12,-3.16136e+11
91,-1.98502e+12,-1.47038e+11,-4.31526e+12,-3.19649e+11
92,-2.02865e+12,-1.5027e+11,-4.36268e+12,-3.23161e+11
93,-2.07275e+12,-1.53537e+11,-4.4101e+12,-3.26674e+11
94,-2.11732e+12,-1.56839e+11,-4.45752e+12,-3.30187e+11
95,-2.16237e+12,-1.60176e+11,-4.50494e+12,-3.33699e+11
96,-2.20789e+12,-1.63548e+11,-4.55236e+12,-3.37212e+11
97,-2.25389e+12,-1.66955e+11,-4.59978e+12,-3.40724e+11
98,-2.30036e+12,-1.70397e+11,-4.6472e+12,-3.44237e+11
99,-2.34731e+12,-1.73875e+11,-4.69462e+12,-3.4775e+11
100,-2.39473e+12,-1.77387e+11,-4.74204e+12,-3.51262e+11
101,-2.44263e+12,-1.80935e+11,-4.78946e+12,-3.54775e+11
102,-2.49099e+12,-1.84518e+11,-4.83688e+12,-3.58288e+11
103,-2.53984e+12,-1.88136e+11,-4.8843e+12,-3.618e+11
104,-2.58915e+12,-1.91789e+11,-4.93172e+12,-3.65313e+11
105,-2.63895e+12,-1.95477e+11,-4.97914e+12,-3.68825e+11
106,-2.68921e+12,-1.99201e+11,-5.02656e+12,-3.72338e+11
107,-2.73995e+12,-2.02959e+11,-5.07398e+12,-3.75851e+11
108,-2.79117e+12,-2.06753e+11,-5.12141e+12,-3.79363e+11
109,-2.84285e+12,-2.10582e+11,-5.16883e+12,-3.82876e+11
110,-2.89502e+12,-2.14446e+11,-5.21625e+12,-3.86389e+11
111,-2.94765e+12,-2.18345e+11,-5.26367e+12,-3.89901e+11
112,-3.00076e+12,-2.22279e+11,-5.31109e+12,-3.93414e+11
113,-3.05435e+12,-2.26248e+11,-5.35851e+12,-3.96926e+11
114,-3.10841e+12,-2.30252e+11,-5.40593e+12,-4.00439e+11
115,-3.16294e+12,-2.34292e+11,-5.45335e+12,-4.03952e+11
116,-3.21795e+12,-2.38367e+11,-5.50077e+12,-4.07464e+11
117,-3.27343e+12,-2.42476e+11,-5.54819e+12,-4.10977e+11
118,-3.32939e+12,-2.46621e+11,-5.59561e+12,-4.1449e+11
119,-3.38582e+12,-2.50801e+11,-5.64303e+12,-4.18002e+11
120,-3.44272e+12,-2.55016e+11,-5.69045e+12,-4.21515e+11
121,-3.5001e+12,-2.59267e+11,-5.73787e+12,-4.25027e+11
122,-3.55795e+12,-2.63552e+11,-5.78529e+12,-4.2854e+11
123,-3.61628e+12,-2.67873e+11,-5.83271e+12,-4.32053e+11
124,-3.67508e+12,-2.72228e+11,-5.88013e+12,-4.35565e+11
125,-3.73436e+12,-2.76619e+11,-5.92755e+12,-4.39078e+11
126,-3.79411e+12,-2.81045e+11,-5.97497e+12,-4.42591e+11
127,-3.85433e+12,-2.85506e+11,-6.02239e+12,-4.46103e+11
128,-3.91503e+12,-2.90002e+11,-6.06981e+12,-4.49616e+11
129,-3.9762e+12,-2.94533e+11,-6.11723e+12,-4.53128e+11
130,-4.03785e+12,-2.991e+11,-6.16465e+12,-4.56641e+11
131,-4.09997e+12,-3.03701e+11,-6.21207e+12,-4.60154e+11
132,-4.16256e+12,-3.08338e+11,-6.2595e+12,-4.63666e+11
133,-4.22563e+12,-3.1301e+11,-6.30692e+12,-4.67179e+11
134,-4.28918e+12,-3.17717e+11,-6.35434e+12,-4.70692e+11
135,-4.35319e+12,-3.22459e+11,-6.40176e+12,-4.74204e+11
136,-4.41769e+12,-3.27236e+11,-6.44918e+12,-4.77717e+11
137,-4.48265e+12,-3.32048e+11,-6.4966e+12,-4.81229e+11
138,-4.54809e+12,-3.36896e+11,-6.54402e+12,-4.84742e+11
139,-4.61401e+12,-3.41778e+11,-6.59144e+12,-4.88255e+11
140,-4.6804e+12,-3.46696e+11,-6.63886e+12,-4.91767e+11
141,-4.74726e+12,-3.51649e+11,-6.68628e+12,-4.9528e+11
142,-4.81459e+12,-3.56637e+11,-6.7337e+12,-4.98793e+11
143,-4.88241e+12,-3.6166e+11,-6.78112e+12,-5.02305e+11
144,-4.95069e+12,-3.66718e+11,-6.82854e+12,-5.05818e+11
145,-5.01945e+12,-3.71811e+11,-6.87596e+12,-5.0933e+11
146,-5.08868e+12,-3.7694e+11,-6.92338e+12,-5.12843e+11
147,-5.15839e+12,-3.82103e+11,-6.9708e+12,-5.16356e+11
148,-5.22858e+12,-3.87302e+11,-7.01822e+12,-5.19868e+11
149,-5.29923e+12,-3.92536e+11,-7.06564e+12,-5.23381e+11
150,-5.37036e+12,-3.97805e+11,-7.11306e+12,-5.26894e+11
151,-5.44197e+12,-4.03109e+11,-7.16048e+12,-5.30406e+11
152,-5.51405e+12,-4.08448e+11,-7.2079e+12,-5.33919e+11
153,-5.5866e+12,-4.13822e+11,-7.25532e+12,-5.37431e+11
154,-5.65963e+12,-4.19232e+11,-7.30274e+12,-5.40944e+11
155,-5.73313e+12,-4.24676e+11,-7.35016e+12,-5.44457e+11
156,-5.8071e+12,-4.30156e+11,-7.39759e+12,-5.47969e+11
157,-5.88155e+12,-4.35671e+11,-7.44501e+12,-5.51482e+11
158,-5.95648e+12,-4.41221e+11,-7.49243e+12,-5.54995e+11
159,-6.03188e+12,-4.46806e+11,-7.53985e+12,-5.58507e+11
160,-6.10775e+12,-4.52426e+11,-7.58727e+12,-5.6202e+11
161,-6.1841e+12,-4.58081e+11,-7.63469e+12,-5.65532e+11
162,-6.26092e+12,-4.63772e+11,-7.68211e+12,-5.69045e+11
163,-6.33821e+12,-4.69497e+11,-7.72953e+12,-5.72558e+11
164,-6.41598e+12,-4.75258e+11,-7.77695e+12,-5.7607e+11
165,-6.49423e+12,-4.81054e+11,-7.82437e+12,-5.79583e+11
166,-6.57294e+12,-4.86885e+11,-7.87179e+12,-5.83095e+11
167,-6.65214e+12,-4.92751e+11,-7.91921e+12,-5.86608e+11
168,-6.7318e+12,-4.98652e+11,-7.96663e+12,-5.90121e+11
169,-6.81194e+12,-5.04588e+11,-8.01405e+12,-5.93633e+11
170,-6.89256e+12,-5.1056e+11,-8.06147e+12,-5.97146e+11
171,-6.97365e+12,-5.16566e+11,-8.10889e+12,-6.00659e+11
172,-7.05521e+12,-5.22608e+11,-8.15631e+12,-6.04171e+11
173,-7.13725e+12,-5.28685e+11,-8.20373e+12,-6.07684e+11
174,-7.21976e+12,-5.34797e+11,-8.25115e+12,-6.11196e+11
175,-7.30274e+12,-5.40944e+11,-8.29857e+12,-6.14709e+11
176,-7.3862e+12,-5.47126e+11,-8.34599e+12,-6.18222e+11
177,-7.47014e+12,-5.53344e+11,-8.39341e+12,-6.21734e+11
178,-7.55455e+12,-5.59596e+11,-8.44083e+12,-6.25247e+11
179,-7.63943e+12,-5.65884e+11,-8.48825e+12,-6.2876e+11
180,-7.72479e+12,-5.72206e+11,-8.53568e+12,-6.32272e+11
181,-7.81062e+12,-5.78564e+11,-8.5831e+12,-6.35785e+11
182,-7.89692e+12,-5.84957e+11,-8.63052e+12,-6.39297e+11
183,-7.9837e+12,-5.91385e+11,-8.67794e+12,-6.4281e+11
184,-8.07095e+12,-5.97849e+11,-8.72536e+12,-6.46323e+11
185,-8.15868e+12,-6.04347e+11,-8.77278e+12,-6.49835e+11
186,-8.24688e+12,-6.1088e+11,-8.8202e+12,-6.53348e+11
187,-8.33556e+12,-6.17449e+11,-8.86762e+12,-6.56861e+11
188,-8.42471e+12,-6.24053e+11,-8.91504e+12,-6.60373e+11
189,-8.51434e+12,-6.30692e+11,-8.96246e+12,-6.63886e+11
190,-8.60443e+12,-6.37366e+11,-9.00988e+12,-6.67398e+11
191,-8.69501e+12,-6.44075e+11,-9.0573e+12,-6.70911e+11
192,-8.78605e+12,-6.50819e+11,-9.10472e+12,-6.74424e+11
193,-8.87758e+12,-6.57598e+11,-9.15214e+12,-6.77936e+11
194,-8.96957e+12,-6.64413e+11,-9.19956e+12,-6.81449e+11
195,-9.06204e+12,-6.71262e+11,-9.24698e+12,-6.84962e+11
196,-9.15499e+12,-6.78147e+11,-9.2944e+12,-6.88474e+11
197,-9.2484e+12,-6.85067e+11,-9.34182e+12,-6.91987e+11
198,-9.3423e+12,-6.92022e+11,-9.38924e+12,-6.95499e+11
199,-9.43666e+12,-6.99012e+11,-9.43666e+12,-6.99012e+11
200,-9.5315e+12,-7.06037e+11,-9.48408e+12,-7.02525e+11
201,-9.62682e+12,-7.13098e+11,-9.5315e+12,-7.06037e+11
202,-9.72261e+12,-7.20193e+11,-9.57892e+12,-7.0955e+11
203,-9.81887e+12,-7.27324e+11,-9.62634e+12,-7.13063e+11
204,-9.91561e+12,-7.3449e+11,-9.67377e+12,-7.16575e+11
205,-1.00128e+13,-7.4169e+11,-9.72119e+12,-7.20088e+11
206,-1.01105e+13,-7.48926e+11,-9.76861e+12,-7.236e+11
207,-1.02087e+13,-7.56198e+11,-9.81603e+12,-7.27113e+11
208,-1.03073e+13,-7.63504e+11,-9.86345e+12,-7.30626e+11
209,-1.04064e+13,-7.70845e+11,-9.91087e+12,-7.34138e+11
210,-1.0506e+13,-7.78222e+11,-9.95829e+12,-7.37651e+11
211,-1.06061e+13,-7.85633e+11,-1.00057e+13,-7.41164e+11
212,-1.07066e+13,-7.9308e+11,-1.00531e+13,-7.44676e+11
213,-1.08076e+13,-8.00562e+11,-1.01005e+13,-7.48189e+11
214,-1.09091e+13,-8.08079e+11,-1.0148e+13,-7.51701e+11
215,-1.1011e+13,-8.15631e+11,-1.01954e+13,-7.55214e+11
216,-1.11134e+13,-8.23218e+11,-1.02428e+13,-7.58727e+11
217,-1.12164e+13,-8.30841e+11,-1.02902e+13,-7.62239e+11
218,-1.13197e+13,-8.38498e+11,-1.03377e+13,-7.65752e+11
219,-1.14236e+13,-8.46191e+11,-1.03851e+13,-7.69265e+11
220,-1.15279e+13,-8.53919e+11,-1.04325e+13,-7.72777e+11
221,-1.16327e+13,-8.61682e+11,-1.04799e+13,-7.7629e+11
222,-1.1738e+13,-8.6948e+11,-1.05273e+13,-7.79802e+11
223,-1.18437e+13,-8.77313e+11,-1.05748e+13,-7.83315e+11
224,-1.19499e+13,-8.85181e+11,-1.06222e+13,-7.86828e+11
225,-1.20566e+13,-8.93085e+11,-1.06696e+13,-7.9034e+11
226,-1.21638e+13,-9.01023e+11,-1.0717e+13,-7.93853e+11
227,-1.22715e+13,-9.08997e+11,-1.07644e+13,-7.97366e+11
228,-1.23796e+13,-9.17005e+11,-1.08119e+13,-8.00878e+11
229,-1.24882e+13,-9.25049e+11,-1.08593e+13,-8.04391e+11
230,-1.25972e+13,-9.33128e+11,-1.09067e+13,-8.07903e+11
231,-1.27068e+13,-9.41243e+11,-1.09541e+13,-8.11416e+11
232,-1.28168e+13,-9.49392e+11,-1.10015e+13,-8.14929e+11
233,-1.29273e+13,-9.57576e+11,-1.1049e+13,-8.18441e+11
234,-1.30382e+13,-9.65796e+11,-1.10964e+13,-8.21954e+11
235,-1.31497e+13,-9.7405e+11,-1.11438e+13,-8.25467e+11
236,-1.32616e+13,-9.8234e+11,-1.11912e+13,-8.28979e+11
237,-1.3374e+13,-9.90665e+11,-1.12386e+13,-8.32492e+11
238,-1.34868e+13,-9.99025e+11,-1.12861e+13,-8.36004e+11
239,-1.36002e+13,-1.00742e+12,-1.13335e+13,-8.39517e+11
240,-1.3714e+13,-1.01585e+12,-1.13809e+13,-8.4303e+11
241,-1.38283e+13,-1.02432e+12,-1.14283e+13,-8.46542e+11
242,-1.3943e+13,-1.03282e+12,-1.14757e+13,-8.50055e+11
243,-1.40583e+13,-1.04135e+12,-1.15232e+13,-8.53568e+11
244,-1.4174e+13,-1.04992e+12,-1.15706e+13,-8.5708e+11
245,-1.42901e+13,-1.05853e+12,-1.1618e+13,-8.60593e+11
246,-1.44068e+13,-1.06717e+12,-1.16654e+13,-8.64105e+11
247,-1.45239e+13,-1.07585e+12,-1.17128e+13,-8.67618e+11
248,-1.46415e+13,-1.08456e+12,-1.17603e+13,-8.71131e+11
249,-1.47596e+13,-1.0933e+12,-1.18077e+13,-8.74643e+11
250,-1.48782e+13,-1.10209e+12,-1.18551e+13,-8.78156e+11
251,-1.49972e+13,-1.1109e+12,-1.19025e+13,-8.81668e+11
252,-1.51167e+13,-1.11975e+12,-1.19499e+13,-8.85181e+11
253,-1.52367e+13,-1.12864e+12,-1.19974e+13,-8.88694e+11
254,-1.53571e+13,-1.13756e+12,-1.20448e+13,-8.92206e+11
255,-1.5478e+13,-1.14652e+12,-1.20922e+13,-8.95719e+11
256,-1.55994e+13,-1.15551e+12,-1.21396e+13,-8.99232e+11
257,-1.57213e+13,-1.16454e+12,-1.2187e+13,-9.02744e+11
258,-1.58436e+13,-1.1736e+12,-1.22345e+13,-9.06257e+11
259,-1.59665e+13,-1.1827e+12,-1.22819e+13,-9.09769e+11
260,-1.60897e+13,-1.19183e+12,-1.23293e+13,-9.13282e+11
261,-1.62135e+13,-1.201e+12,-1.23767e+13,-9.16795e+11
262,-1.63378e+13,-1.2102e+12,-1.24241e+13,-9.20307e+11
263,-1.64625e+13,-1.21944e+12,-1.24716e+13,-9.2382e+11
264,-1.65877e+13,-1.22872e+12,-1.2519e+13,-9.27333e+11
265,-1.67133e+13,-1.23802e+12,-1.25664e+13,-9.30845e+11
266,-1.68395e+13,-1.24737e+12,-1.26138e+13,-9.34358e+11
267,-1.69661e+13,-1.25675e+12,-1.26613e+13,-9.3787e+11
268,-1.70932e+13,-1.26616e+12,-1.27087e+13,-9.41383e+11
269,-1.72207e+13,-1.27561e+12,-1.27561e+13,-9.44896e+11
270,-1.73488e+13,-1.28509e+12,-1.28035e+13,-9.48408e+11
271,-1.74773e+13,-1.29461e+12,-1.28509e+13,-9.51921e+11
272,-1.76063e+13,-1.30417e+12,-1.28984e+13,-9.55434e+11
273,-1.77357e+13,-1.31376e+12,-1.29458e+13,-9.58946e+11
274,-1.78656e+13,-1.32338e+12,-1.29932e+13,-9.62459e+11
275,-1.7996e+13,-1.33304e+12,-1.30406e+13,-9.65971e+11
276,-1.81269e+13,-1.34274e+12,-1.3088e+13,-9.69484e+11
277,-1.82583e+13,-1.35247e+12,-1.31355e+13,-9.72997e+11
278,-1.83901e+13,-1.36223e+12,-1.31829e+13,-9.76509e+11
279,-1.85224e+13,-1.37203e+12,-1.32303e+13,-9.80022e+11
280,-1.86552e+13,-1.38187e+12,-1.32777e+13,-9.83535e+11
281,-1.87884e+13,-1.39174e+12,-1.33251e+13,-9.87047e+11
282,-1.89222e+13,-1.40164e+12,-1.33726e+13,-9.9056e+11
283,-1.90564e+13,-1.41158e+12,-1.342e+13,-9.94072e+11
284,-1.9191e+13,-1.42156e+12,-1.34674e+13,-9.97585e+11
285,-1.93262e+13,-1.43157e+12,-1.35148e+13,-1.0011e+12
286,-1.94618e+13,-1.44162e+12,-1.35622e+13,-1.00461e+12
287,-1.95979e+13,-1.4517e+12,-1.36097e+13,-1.00812e+12
288,-1.97345e+13,-1.46181e+12,-1.36571e+13,-1.01164e+12
289,-1.98715e+13,-1.47196e+12,-1.37045e+13,-1.01515e+12
290,-2.0009e+13,-1.48215e+12,-1.37519e+13,-1.01866e+12
291,-2.0147e+13,-1.49237e+12,-1.37993e+13,-1.02217e+12
292,-2.02855e+13,-1.50263e+12,-1.38468e+13,-1.02569e+12
293,-2.04244e+13,-1.51292e+12,-1.38942e+13,-1.0292e+12
294,-2.05639e+13,-1.52325e+12,-1.39416e+13,-1.03271e+12
295,-2.07038e+13,-1.53361e+12,-1.3989e+13,-1.03622e+12
296,-2.08441e+13,-1.54401e+12,-1.40364e+13,-1.03974e+12
297,-2.0985e+13,-1.55444e+12,-1.40839e+13,-1.04325e+12
298,-2.11263e+13,-1.56491e+12,-1.41313e+13,-1.04676e+12
299,-2.12681e+13,-1.57541e+12,-1.41787e+13,-1.05027e+12
300,-2.14103e+13,-1.58595e+12,-1.42261e+13,-1.05379e+12
301,-2.15531e+13,-1.59652e+12,-1.42735e+13,-1.0573e+12
302,-2.16963e+13,-1.60713e+12,-1.4321e+13,-1.06081e+12
303,-2.18399e+13,-1.61777e+12,-1.43684e+13,-1.06432e+12
304,-2.19841e+13,-1.62845e+12,-1.44158e+13,-1.06784e+12
305,-2.21287e+13,-1.63917e+12,-1.44632e+13,-1.07135e+12
306,-2.22738e+13,-1.64991e+12,-1.45106e+13,-1.07486e+12
307,-2.24194e+13,-1.6607e+12,-1.45581e+13,-1.07838e+12
308,-2.25655e+13,-1.67152e+12,-1.46055e+13,-1.08189e+12
309,-2.2712e+13,-1.68237e+12,-1.46529e+13,-1.0854e+12
310,-2.2859e+13,-1.69326e+12,-1.47003e+13,-1.08891e+12
311,-2.30065e+13,-1.70418e+12,-1.47477e+13,-1.09243e+12
312,-2.31544e+13,-1.71514e+12,-1.47952e+13,-1.09594e+12
313,-2.33029e+13,-1.72614e+12,-1.48426e+13,-1.09945e+12
314,-2.34518e+13,-1.73717e+12,-1.489e+13,-1.10296e+12
315,-2.36011e+13,-1.74823e+12,-1.49374e+13,-1.10648e+12
316,-2.3751e+13,-1.75933e+12,-1.49849e+13,-1.10999e+12
317,-2.39013e+13,-1.77047e+12,-1.50323e+13,-1.1135e+12
318,-2.40521e+13,-1.78164e+12,-1.50797e+13,-1.11701e+12
319,-2.42034e+13,-1.79284e+12,-1.51271e+13,-1.12053e+12
320,-2.43551e+13,-1.80408e+12,-1.51745e+13,-1.12404e+12
321,-2.45073e+13,-1.81536e+12,-1.5222e+13,-1.12755e+12
322,-2.466e+13,-1.82667e+12,-1.52694e+13,-1.13106e+12
323,-2.48132e+13,-1.83802e+12,-1.53168e+13,-1.13458e+12
324,-2.49668e+13,-1.8494e+12,-1.53642e+13,-1.13809e+12
325,-2.5121e+13,-1.86081e+12,-1.54116e+13,-1.1416e+12
326,-2.52756e+13,-1.87226e+12,-1.54591e+13,-1.14512e+12
327,-2.54306e+13,-1.88375e+12,-1.55065e+13,-1.14863e+12
328,-2.55862e+13,-1.89527e+12,-1.55539e+13,-1.15214e+12
329,-2.57422e+13,-1.90683e+12,-1.56013e+13,-1.15565e+12
330,-2.58987e+13,-1.91842e+12,-1.56487e+13,-1.15917e+12
331,-2.60556e+13,-1.93005e+12,-1.56962e+13,-1.16268e+12
332,-2.62131e+13,-1.94171e+12,-1.57436e+13,-1.16619e+12
333,-2.6371e+13,-1.95341e+12,-1.5791e+13,-1.1697e+12
334,-2.65294e+13,-1.96514e+12,-1.58384e+13,-1.17322e+12
335,-2.66882e+13,-1.9769e+12,-1.58858e+13,-1.17673e+12
336,-2.68475e+13,-1.98871e+12,-1.59333e+13,-1.18024e+12
337,-2.70074e+13,-2.00054e+12,-1.59807e+13,-1.18375e+12
338,-2.71676e+13,-2.01242e+12,-1.60281e+13,-1.18727e+12
339,-2.73284e+13,-2.02432e+12,-1.60755e+13,-1.19078e+12
340,-2.74896e+13,-2.03627e+12,-1.61229e+13,-1.19429e+12
341,-2.76513e+13,-2.04825e+12,-1.61704e+13,-1.1978e+12
342,-2.78135e+13,-2.06026e+12,-1.62178e+13,-1.20132e+12
343,-2.79761e+13,-2.07231e+12,-1.62652e+13,-1.20483e+12
344,-2.81393e+13,-2.08439e+12,-1.63126e+13,-1.20834e+12
345,-2.83029e+13,-2.09651e+12,-1.636e+13,-1.21186e+12
346,-2.8467e+13,-2.10866e+12,-1.64075e+13,-1.21537e+12
347,-2.86315e+13,-2.12085e+12,-1.64549e+13,-1.21888e+12
348,-2.87965e+13,-2.13308e+12,-1.65023e+13,-1.22239e+12
349,-2.8962e+13,-2.14533e+12,-1.65497e+13,-1.22591e+12
350,-2.9128e+13,-2.15763e+12,-1.65971e+13,-1.22942e+12
351,-2.92944e+13,-2.16996e+12,-1.66446e+13,-1.23293e+12
352,-2.94614e+13,-2.18232e+12,-1.6692e+13,-1.23644e+12
353,-2.96288e+13,-2.19472e+12,-1.67394e+13,-1.23996e+12
354,-2.97966e+13,-2.20716e+12,-1.67868e+13,-1.24347e+12
355,-2.9965e+13,-2.21963e+12,-1.68342e+13,-1.24698e+12
356,-3.01338e+13,-2.23213e+12,-1.68817e+13,-1.25049e+12
357,-3.03031e+13,-2.24467e+12,-1.69291e+13,-1.25401e+12
358,-3.04728e+13,-2.25725e+12,-1.69765e+13,-1.25752e+12
359,-3.06431e+13,-2.26986e+12,-1.70239e+13,-1.26103e+12
360,-3.08138e+13,-2.2825e+12,-1.70714e+13,-1.26454e+12
361,-3.0985e+13,-2.29518e+12,-1.71188e+13,-1.26806e+12
362,-3.11566e+13,-2.3079e+12,-1.71662e+13,-1.27157e+12
363,-3.13288e+13,-2.32065e+12,-1.72136e+13,-1.27508e+12
364,-3.15014e+13,-2.33344e+12,-1.7261e+13,-1.27859e+12
365,-3.16745e+13,-2.34626e+12,-1.73085e+13,-1.28211e+12
366,-3.1848e+13,-2.35911e+12,-1.73559e+13,-1.28562e+12
367,-3.20221e+13,-2.372e+12,-1.74033e+13,-1.28913e+12
368,-3.21966e+13,-2.38493e+12,-1.74507e+13,-1.29265e+12
369,-3.23715e+13,-2.39789e+12,-1.74981e+13,-1.29616e+12
370,-3.2547e+13,-2.41089e+12,-1.75456e+13,-1.29967e+12
371,-3.27229e+13,-2.42392e+12,-1.7593e+13,-1.30318e+12
372,-3.28993e+13,-2.43699e+12,-1.76404e+13,-1.3067e+12
373,-3.30762e+13,-2.45009e+12,-1.76878e+13,-1.31021e+12
374,-3.32536e+13,-2.46323e+12,-1.77352e+13,-1.31372e+12
375,-3.34314e+13,-2.4764e+12,-1.77827e+13,-1.31723e+12
376,-3.36097e+13,-2.48961e+12,-1.78301e+13,-1.32075e+12
377,-3.37885e+13,-2.50285e+12,-1.78775e+13,-1.32426e+12
378,-3.39677e+13,-2.51613e+12,-1.79249e+13,-1.32777e+12
379,-3.41474e+13,-2.52944e+12,-1.79723e+13,-1.33128e+12
380,-3.43276e+13,-2.54279e+12,-1.80198e+13,-1.3348e+12
381,-3.45083e+13,-2.55617e+12,-1.80672e+13,-1.33831e+12
382,-3.46895e+13,-2.56959e+12,-1.81146e+13,-1.34182e+12
383,-3.48711e+13,-2.58304e+12,-1.8162e+13,-1.34533e+12
384,-3.50532e+13,-2.59653e+12,-1.82094e+13,-1.34885e+12
385,-3.52357e+13,-2.61005e+12,-1.82569e+13,-1.35236e+12
386,-3.54188e+13,-2.62361e+12,-1.83043e+13,-1.35587e+12
387,-3.56023e+13,-2.63721e+12,-1.83517e+13,-1.35939e+12
388,-3.57863e+13,-2.65084e+12,-1.83991e+13,-1.3629e+12
389,-3.59708e+13,-2.6645e+12,-1.84465e+13,-1.36641e+12
390,-3.61557e+13,-2.6782e+12,-1.8494e+13,-1.36992e+12
391,-3.63411e+13,-2.69193e+12,-1.85414e+13,-1.37344e+12
392,-3.6527e+13,-2.7057e+12,-1.85888e+13,-1.37695e+12
393,-3.67134e+13,-2.71951e+12,-1.86362e+13,-1.38046e+12
394,-3.69002e+13,-2.73335e+12,-1.86836e+13,-1.38397e+12
395,-3.70875e+13,-2.74722e+12,-1.87311e+13,-1.38749e+12
396,-3.72753e+13,-2.76113e+12,-1.87785e+13,-1.391e+12
397,-3.74636e+13,-2.77508e+12,-1.88259e+13,-1.39451e+12
398,-3.76523e+13,-2.78906e+12,-1.88733e+13,-1.39802e+12
399,-3.78415e+13,-2.80307e+12,-1.89207e+13,-1.40154e+12
400,-3.80312e+13,-2.81712e+12,-1.89682e+13,-1.40505e+12
401,-3.82213e+13,-2.83121e+12,-1.90156e+13,-1.40856e+12
402,-3.8412e+13,-2.84533e+12,-1.9063e+13,-1.41207e+12
403,-3.86031e+13,-2.85949e+12,-1.91104e+13,-1.41559e+12
404,-3.87946e+13,-2.87368e+12,-1.91578e+13,-1.4191e+12
405,-3.89867e+13,-2.8879e+12,-1.92053e+13,-1.42261e+12
406,-3.91792e+13,-2.90216e+12,-1.92527e+13,-1.42613e+12
407,-3.93722e+13,-2.91646e+12,-1.93001e+13,-1.42964e+12
408,-3.95657e+13,-2.93079e+12,-1.93475e+13,-1.43315e+12
409,-3.97596e+13,-2.94516e+12,-1.9395e+13,-1.43666e+12
410,-3.99541e+13,-2.95956e+12,-1.94424e+13,-1.44018e+12
411,-4.0149e+13,-2.974e+12,-1.94898e+13,-1.44369e+12
412,-4.03443e+13,-2.98847e+12,-1.95372e+13,-1.4472e+12
413,-4.05402e+13,-3.00298e+12,-1.95846e+13,-1.45071e+12
414,-4.07365e+13,-3.01752e+12,-1.96321e+13,-1.45423e+12
415,-4.09333e+13,-3.0321e+12,-1.96795e+13,-1.45774e+12
416,-4.11306e+13,-3.04671e+12,-1.97269e+13,-1.46125e+12
417,-4.13283e+13,-3.06136e+12,-1.97743e+13,-1.46476e+12
418,-4.15265e+13,-3.07604e+12,-1.98217e+13,-1.46828e+12
419,-4.17252e+13,-3.09076e+12,-1.98692e+13,-1.47179e+12
420,-4.19244e+13,-3.10551e+12,-1.99166e+13,-1.4753e+12
421,-4.2124e+13,-3.1203e+12,-1.9964e+13,-1.47881e+12
422,-4.23241e+13,-3.13512e+12,-2.00114e+13,-1.48233e+12
423,-4.25247e+13,-3.14998e+12,-2.00588e+13,-1.48584e+12
424,-4.27258e+13,-3.16487e+12,-2.01063e+13,-1.48935e+12
425,-4.29273e+13,-3.1798e+12,-2.01537e+13,-1.49286e+12
426,-4.31293e+13,-3.19477e+12,-2.02011e+13,-1.49638e+12
427,-4.33318e+13,-3.20977e+12,-2.02485e+13,-1.49989e+12
428,-4.35348e+13,-3.2248e+12,-2.02959e+13,-1.5034e+12
429,-4.37382e+13,-3.23987e+12,-2.03434e+13,-1.50692e+12
430,-4.39421e+13,-3.25497e+12,-2.03908e+13,-1.51043e+12
431,-4.41465e+13,-3.27011e+12,-2.04382e+13,-1.51394e+12
432,-4.43514e+13,-3.28529e+12,-2.04856e+13,-1.51745e+12
433,-4.45567e+13,-3.3005e+12,-2.0533e+13,-1.52097e+12
434,-4.47625e+13,-3.31574e+12,-2.05805e+13,-1.52448e+12
435,-4.49688e+13,-3.33102e+12,-2.06279e+13,-1.52799e+12
436,-4.51755e+13,-3.34634e+12,-2.06753e+13,-1.5315e+12
437,-4.53828e+13,-3.36169e+12,-2.07227e+13,-1.53502e+12
438,-4.55905e+13,-3.37707e+12,-2.07701e+13,-1.53853e+12
439,-4.57986e+13,-3.39249e+12,-2.08176e+13,-1.54204e+12
440,-4.60073e+13,-3.40795e+12,-2.0865e+13,-1.54555e+12
441,-4.62164e+13,-3.42344e+12,-2.09124e+13,-1.54907e+12
442,-4.6426e+13,-3.43896e+12,-2.09598e+13,-1.55258e+12
443,-4.66361e+13,-3.45452e+12,-2.10072e+13,-1.55609e+12
444,-4.68466e+13,-3.47012e+12,-2.10547e+13,-1.5596e+12
445,-4.70577e+13,-3.48575e+12,-2.11021e+13,-1.56312e+12
446,-4.72691e+13,-3.50142e+12,-2.11495e+13,-1.56663e+12
447,-4.74811e+13,-3.51712e+12,-2.11969e+13,-1.57014e+12
448,-4.76936e+13,-3.53286e+12,-2.12443e+13,-1.57366e+12
449,-4.79065e+13,-3.54863e+12,-2.12918e+13,-1.57717e+12
450,-4.81199e+13,-3.56443e+12,-2.13392e+13,-1.58068e+12
451,-4.83337e+13,-3.58028e+12,-2.13866e+13,-1.58419e+12
452,-4.85481e+13,-3.59615e+12,-2.1434e+13,-1.58771e+12
453,-4.87629e+13,-3.61207e+12,-2.14814e+13,-1.59122e+12
454,-4.89782e+13,-3.62801e+12,-2.15289e+13,-1.59473e+12
455,-4.91939e+13,-3.644e+12,-2.15763e+13,-1.59824e+12
456,-4.94102e+13,-3.66001e+12,-2.16237e+13,-1.60176e+12
457,-4.96269e+13,-3.67607e+12,-2.16711e+13,-1.60527e+12
458,-4.98441e+13,-3.69215e+12,-2.17186e+13,-1.60878e+12
459,-5.00617e+13,-3.70828e+12,-2.1766e+13,-1.61229e+12
460,-5.02799e+13,-3.72443e+12,-2.18134e+13,-1.61581e+12
461,-5.04985e+13,-3.74063e+12,-2.18608e+13,-1.61932e+12
462,-5.07176e+13,-3.75686e+12,-2.19082e+13,-1.62283e+12
463,-5.09371e+13,-3.77312e+12,-2.19557e+13,-1.62634e+12
464,-5.11571e+13,-3.78942e+12,-2.20031e+13,-1.62986e+12
465,-5.13777e+13,-3.80575e+12,-2.20505e+13,-1.63337e+12
466,-5.15986e+13,-3.82212e+12,-2.20979e+13,-1.63688e+12
467,-5.18201e+13,-3.83852e+12,-2.21453e+13,-1.6404e+12
468,-5.2042e+13,-3.85496e+12,-2.21928e+13,-1.64391e+12
469,-5.22644e+13,-3.87144e+12,-2.22402e+13,-1.64742e+12
470,-5.24873e+13,-3.88795e+12,-2.22876e+13,-1.65093e+12
471,-5.27106e+13,-3.90449e+12,-2.2335e+13,-1.65445e+12
472,-5.29345e+13,-3.92107e+12,-2.23824e+13,-1.65796e+12
473,-5.31588e+13,-3.93769e+12,-2.24299e+13,-1.66147e+12
474,-5.33835e+13,-3.95434e+12,-2.24773e+13,-1.66498e+12
475,-5.36088e+13,-3.97102e+12,-2.25247e+13,-1.6685e+12
476,-5.38345e+13,-3.98774e+12,-2.25721e+13,-1.67201e+12
477,-5.40607e+13,-4.0045e+12,-2.26195e+13,-1.67552e+12
478,-5.42874e+13,-4.02129e+12,-2.2667e+13,-1.67903e+12
479,-5.45145e+13,-4.03811e+12,-2.27144e+13,-1.68255e+12
480,-5.47421e+13,-4.05497e+12,-2.27618e+13,-1.68606e+12
481,-5.49702e+13,-4.07187e+12,-2.28092e+13,-1.68957e+12
482,-5.51988e+13,-4.0888e+12,-2.28566e+13,-1.69308e+12
483,-5.54278e+13,-4.10577e+12,-2.29041e+13,-1.6966e+12
484,-5.56573e+13,-4.12277e+12,-2.29515e+13,-1.70011e+12
485,-5.58873e+13,-4.1398e+12,-2.29989e+13,-1.70362e+12
486,-5.61178e+13,-4.15687e+12,-2.30463e+13,-1.70714e+12
487,-5.63487e+13,-4.17398e+12,-2.30937e+13,-1.71065e+12
488,-5.65801e+13,-4.19112e+12,-2.31412e+13,-1.71416e+12
489,-5.6812e+13,-4.2083e+12,-2.31886e+13,-1.71767e+12
490,-5.70444e+13,-4.22551e+12,-2.3236e+13,-1.72119e+12
491,-5.72772e+13,-4.24276e+12,-2.32834e+13,-1.7247e+12
492,-5.75105e+13,-4.26004e+12,-2.33308e+13,-1.72821e+12
493,-5.77443e+13,-4.27736e+12,-2.33783e+13,-1.73172e+12
494,-5.79786e+13,-4.29471e+12,-2.34257e+13,-1.73524e+12
495,-5.82133e+13,-4.3121e+12,-2.34731e+13,-1.73875e+12
496,-5.84485e+13,-4.32952e+12,-2.35205e+13,-1.74226e+12
497,-5.86842e+13,-4.34698e+12,-2.35679e+13,-1.74577e+12
498,-5.89203e+13,-4.36447e+12,-2.36154e+13,-1.74929e+12
499,-5.9157e+13,-4.382e+12,-2.36628e+13,-1.7528e+12
500,-5.93941e+13,-4.39956e+12,-2.37102e+13,-1.75631e+12
501,-5.96316e+13,-4.41716e+12,-2.37576e+13,-1.75982e+12
502,-5.98697e+13,-4.43479e+12,-2.3805e+13,-1.76334e+12
503,-6.01082e+13,-4.45246e+12,-2.38525e+13,-1.76685e+12
504,-6.03472e+13,-4.47016e+12,-2.38999e+13,-1.77036e+12
505,-6.05867e+13,-4.4879e+12,-2.39473e+13,-1.77387e+12
506,-6.08266e+13,-4.50568e+12,-2.39947e+13,-1.77739e+12
507,-6.10671e+13,-4.52349e+12,-2.40422e+13,-1.7809e+12
508,-6.1308e+13,-4.54133e+12,-2.40896e+13,-1.78441e+12
509,-6.15493e+13,-4.55921e+12,-2.4137e+13,-1.78793e+12
510,-6.17912e+13,-4.57712e+12,-2.41844e+13,-1.79144e+12
511,-6.20335e+13,-4.59507e+12,-2.42318e+13,-1.79495e+12
512,-6.22763e+13,-4.61306e+12,-2.42793e+13,-1.79846e+12
513,-6.25196e+13,-4.63108e+12,-2.43267e+13,-1.80198e+12
514,-6.27633e+13,-4.64913e+12,-2.43741e+13,-1.80549e+12
515,-6.30075e+13,-4.66722e+12,-2.44215e+13,-1.809e+12
516,-6.32522e+13,-4.68535e+12,-2.44689e+13,-1.81251e+12
517,-6.34974e+13,-4.70351e+12,-2.45164e+13,-1.81603e+12
518,-6.3743e+13,-4.7217e+12,-2.45638e+13,-1.81954e+12
519,-6.39891e+13,-4.73993e+12,-2.46112e+13,-1.82305e+12
520,-6.42357e+13,-4.7582e+12,-2.46586e+13,-1.82656e+12
521,-6.44828e+13,-4.7765e+12,-2.4706e+13,-1.83008e+12
522,-6.47303e+13,-4.79484e+12,-2.47535e+13,-1.83359e+12
523,-6.49783e+13,-4.81321e+12,-2.48009e+13,-1.8371e+12
524,-6.52268e+13,-4.83161e+12,-2.48483e+13,-1.84061e+12
525,-6.54757e+13,-4.85005e+12,-2.48957e+13,-1.84413e+12
526,-6.57252e+13,-4.86853e+12,-2.49431e+13,-1.84764e+12
527,-6.59751e+13,-4.88704e+12,-2.49906e+13,-1.85115e+12
528,-6.62255e+13,-4.90559e+12,-2.5038e+13,-1.85467e+12
529,-6.64763e+13,-4.92417e+12,-2.50854e+13,-1.85818e+12
530,-6.67276e+13,-4.94279e+12,-2.51328e+13,-1.86169e+12
531,-6.69794e+13,-4.96144e+12,-2.51802e+13,-1.8652e+12
532,-6.72317e+13,-4.98013e+12,-2.52277e+13,-1.86872e+12
533,-6.74845e+13,-4.99885e+12,-2.52751e+13,-1.87223e+12
534,-6.77377e+13,-5.01761e+12,-2.53225e+13,-1.87574e+12
535,-6.79914e+13,-5.0364e+12,-2.53699e+13,-1.87925e+12
536,-6.82456e+13,-5.05523e+12,-2.54173e+13,-1.88277e+12
537,-6.85002e+13,-5.07409e+12,-2.54648e+13,-1.88628e+12
538,-6.87553e+13,-5.09299e+12,-2.55122e+13,-1.88979e+12
539,-6.90109e+13,-5.11192e+12,-2.55596e+13,-1.8933e+12
540,-6.9267e+13,-5.13089e+12,-2.5607e+13,-1.89682e+12
541,-6.95235e+13,-5.14989e+12,-2.56544e+13,-1.90033e+12
542,-6.97806e+13,-5.16893e+12,-2.57019e+13,-1.90384e+12
543,-7.00381e+13,-5.188e+12,-2.57493e+13,-1.90735e+12
544,-7.0296e+13,-5.20711e+12,-2.57967e+13,-1.91087e+12
545,-7.05545e+13,-5.22626e+12,-2.58441e+13,-1.91438e+12
546,-7.08134e+13,-5.24544e+12,-2.58915e+13,-1.91789e+12
547,-7.10728e+13,-5.26465e+12,-2.5939e+13,-1.92141e+12
548,-7.13326e+13,-5.2839e+12,-2.59864e+13,-1.92492e+12
549,-7.1593e+13,-5.30318e+12,-2.60338e+13,-1.92843e+12
550,-7.18538e+13,-5.3225e+12,-2.60812e+13,-1.93194e+12
551,-7.21151e+13,-5.34186e+12,-2.61286e+13,-1.93546e+12
552,-7.23768e+13,-5.36125e+12,-2.61761e+13,-1.93897e+12
553,-7.26391e+13,-5.38067e+12,-2.62235e+13,-1.94248e+12
554,-7.29018e+13,-5.40013e+12,-2.62709e+13,-1.94599e+12
555,-7.3165e+13,-5.41963e+12,-2.63183e+13,-1.94951e+12
556,-7.34286e+13,-5.43916e+12,-2.63658e+13,-1.95302e+12
557,-7.36928e+13,-5.45872e+12,-2.64132e+13,-1.95653e+12
558,-7.39574e+13,-5.47832e+12,-2.64606e+13,-1.96004e+12
559,-7.42224e+13,-5.49796e+12,-2.6508e+13,-1.96356e+12
560,-7.4488e+13,-5.51763e+12,-2.65554e+13,-1.96707e+12
561,-7.4754e+13,-5.53733e+12,-2.66029e+13,-1.97058e+12
562,-7.50205e+13,-5.55708e+12,-2.66503e+13,-1.97409e+12
563,-7.52875e+13,-5.57685e+12,-2.66977e+13,-1.97761e+12
564,-7.5555e+13,-5.59666e+12,-2.67451e+13,-1.98112e+12
565,-7.58229e+13,-5.61651e+12,-2.67925e+13,-1.98463e+12
566,-7.60913e+13,-5.63639e+12,-2.684e+13,-1.98814e+12
567,-7.63601e+13,-5.65631e+12,-2.68874e+13,-1.99166e+12
568,-7.66295e+13,-5.67626e+12,-2.69348e+13,-1.99517e+12
569,-7.68993e+13,-5.69625e+12,-2.69822e+13,-1.99868e+12
570,-7.71696e+13,-5.71627e+12,-2.70296e+13,-2.0022e+12
571,-7.74404e+13,-5.73632e+12,-2.70771e+13,-2.00571e+12
572,-7.77116e+13,-5.75642e+12,-2.71245e+13,-2.00922e+12
573,-7.79834e+13,-5.77654e+12,-2.71719e+13,-2.01273e+12
574,-7.82555e+13,-5.79671e+12,-2.72193e+13,-2.01625e+12
575,-7.85282e+13,-5.8169e+12,-2.72667e+13,-2.01976e+12
576,-7.88014e+13,-5.83714e+12,-2.73142e+13,-2.02327e+12
577,-7.9075e+13,-5.85741e+12,-2.73616e+13,-2.02678e+12
578,-7.93491e+13,-5.87771e+12,-2.7409e+13,-2.0303e+12
579,-7.96236e+13,-5.89805e+12,-2.74564e+13,-2.03381e+12
580,-7.98987e+13,-5.91842e+12,-2.75038e+13,-2.03732e+12
581,-8.01742e+13,-5.93883e+12,-2.75513e+13,-2.04083e+12
582,-8.04502e+13,-5.95927e+12,-2.75987e+13,-2.04435e+12
583,-8.07266e+13,-5.97975e+12,-2.76461e+13,-2.04786e+12
584,-8.10036e+13,-6.00026e+12,-2.76935e+13,-2.05137e+12
585,-8.1281e+13,-6.02081e+12,-2.77409e+13,-2.05488e+12
586,-8.15588e+13,-6.0414e+12,-2.77884e+13,-2.0584e+12
587,-8.18372e+13,-6.06202e+12,-2.78358e+13,-2.06191e+12
588,-8.2116e+13,-6.08267e+12,-2.78832e+13,-2.06542e+12
589,-8.23953e+13,-6.10336e+12,-2.79306e+13,-2.06894e+12
590,-8.26751e+13,-6.12408e+12,-2.7978e+13,-2.07245e+12
591,-8.29554e+13,-6.14484e+12,-2.80255e+13,-2.07596e+12
592,-8.32361e+13,-6.16564e+12,-2.80729e+13,-2.07947e+12
593,-8.35173e+13,-6.18647e+12,-2.81203e+13,-2.08299e+12
594,-8.3799e+13,-6.20733e+12,-2.81677e+13,-2.0865e+12
595,-8.40811e+13,-6.22823e+12,-2.82151e+13,-2.09001e+12
596,-8.43638e+13,-6.24917e+12,-2.82626e+13,-2.09352e+12
597,-8.46469e+13,-6.27014e+12,-2.831e+13,-2.09704e+12
598,-8.49304e+13,-6.29114e+12,-2.83574e+13,-2.10055e+12
599,-8.52145e+13,-6.31218e+12,-2.84048e+13,-2.10406e+12
600,-8.5499e+13,-6.33326e+12,-2.84523e+13,-2.10757e+12
601,-8.5784e+13,-6.35437e+12,-2.84997e+13,-2.11109e+12
602,-8.60695e+13,-6.37552e+12,-2.85471e+13,-2.1146e+12
603,-8.63554e+13,-6.3967e+12,-2.85945e+13,-2.11811e+12
604,-8.66418e+13,-6.41791e+12,-2.86419e+13,-2.12162e+12
605,-8.69287e+13,-6.43917e+12,-2.86894e+13,-2.12514e+12
606,-8.72161e+13,-6.46045e+12,-2.87368e+13,-2.12865e+12
607,-8.75039e+13,-6.48177e+12,-2.87842e+13,-2.13216e+12
608,-8.77923e+13,-6.50313e+12,-2.88316e+13,-2.13568e+12
609,-8.80811e+13,-6.52452e+12,-2.8879e+13,-2.13919e+12
610,-8.83703e+13,-6.54595e+12,-2.89265e+13,-2.1427e+12
611,-8.86601e+13,-6.56741e+12,-2.89739e+13,-2.14621e+12
612,-8.89503e+13,-6.58891e+12,-2.90213e+13,-2.14973e+12
613,-8.9241e+13,-6.61044e+12,-2.90687e+13,-2.15324e+12
614,-8.95321e+13,-6.63201e+12,-2.91161e+13,-2.15675e+12
615,-8.98238e+13,-6.65361e+12,-2.91636e+13,-2.16026e+12
616,-9.01159e+13,-6.67525e+12,-2.9211e+13,-2.16378e+12
617,-9.04084e+13,-6.69692e+12,-2.92584e+13,-2.16729e+12
618,-9.07015e+13,-6.71863e+12,-2.93058e+13,-2.1708e+12
619,-9.0995e+13,-6.74037e+12,-2.93532e+13,-2.17431e+12
620,-9.1289e+13,-6.76215e+12,-2.94007e+13,-2.17783e+12
621,-9.15835e+13,-6.78396e+12,-2.94481e+13,-2.18134e+12
622,-9.18785e+13,-6.80581e+12,-2.94955e+13,-2.18485e+12
623,-9.21739e+13,-6.8277e+12,-2.95429e+13,-2.18836e+12
624,-9.24698e+13,-6.84962e+12,-2.95903e+13,-2.19188e+12
625,-9.27662e+13,-6.87157e+12,-2.96378e+13,-2.19539e+12
626,-9.3063e+13,-6.89356e+12,-2.96852e+13,-2.1989e+12
627,-9.33604e+13,-6.91558e+12,-2.97326e+13,-2.20241e+12
628,-9.36582e+13,-6.93764e+12,-2.978e+13,-2.20593e+12
629,-9.39564e+13,-6.95974e+12,-2.98274e+13,-2.20944e+12
630,-9.42552e+13,-6.98187e+12,-2.98749e+13,-2.21295e+12
631,-9.45544e+13,-7.00403e+12,-2.99223e+13,-2.21647e+12
632,-9.48541e+13,-7.02623e+12,-2.99697e+13,-2.21998e+12
633,-9.51543e+13,-7.04847e+12,-3.00171e+13,-2.22349e+12
634,-9.54549e+13,-7.07074e+12,-3.00645e+13,-2.227e+12
635,-9.5756e+13,-7.09304e+12,-3.0112e+13,-2.23052e+12
636,-9.60576e+13,-7.11538e+12,-3.01594e+13,-2.23403e+12
637,-9.63597e+13,-7.13776e+12,-3.02068e+13,-2.23754e+12
638,-9.66623e+13,-7.16017e+12,-3.02542e+13,-2.24105e+12
639,-9.69653e+13,-7.18261e+12,-3.03016e+13,-2.24457e+12
640,-9.72688e+13,-7.20509e+12,-3.03491e+13,-2.24808e+12
641,-9.75727e+13,-7.22761e+12,-3.03965e+13,-2.25159e+12
642,-9.78772e+13,-7.25016e+12,-3.04439e+13,-2.2551e+12
643,-9.81821e+13,-7.27275e+12,-3.04913e+13,-2.25862e+12
644,-9.84875e+13,-7.29537e+12,-3.05387e+13,-2.26213e+12
645,-9.87933e+13,-7.31802e+12,-3.05862e+13,-2.26564e+12
646,-9.90997e+13,-7.34072e+12,-3.06336e+13,-2.26915e+12
647,-9.94065e+13,-7.36344e+12,-3.0681e+13,-2.27267e+12
648,-9.97138e+13,-7.3862e+12,-3.07284e+13,-2.27618e+12
649,-1.00022e+14,-7.409e+12,-3.07759e+13,-2.27969e+12
650,-1.0033e+14,-7.43183e+12,-3.08233e+13,-2.28321e+12
651,-1.00638e+14,-7.4547e+12,-3.08707e+13,-2.28672e+12
652,-1.00948e+14,-7.4776e+12,-3.09181e+13,-2.29023e+12
653,-1.01257e+14,-7.50054e+12,-3.09655e+13,-2.29374e+12
654,-1.01567e+14,-7.52351e+12,-3.1013e+13,-2.29726e+12
655,-1.01878e+14,-7.54652e+12,-3.10604e+13,-2.30077e+12
656,-1.02189e+14,-7.56956e+12,-3.11078e+13,-2.30428e+12
657,-1.02501e+14,-7.59264e+12,-3.11552e+13,-2.30779e+12
658,-1.02813e+14,-7.61575e+12,-3.12026e+13,-2.31131e+12
659,-1.03125e+14,-7.6389e+12,-3.12501e+13,-2.31482e+12
660,-1.03438e+14,-7.66209e+12,-3.12975e+13,-2.31833e+12
661,-1.03752e+14,-7.6853e+12,-3.13449e+13,-2.32184e+12
662,-1.04066e+14,-7.70856e+12,-3.13923e+13,-2.32536e+12
663,-1.0438e+14,-7.73185e+12,-3.14397e+13,-2.32887e+12
664,-1.04695e+14,-7.75517e+12,-3.14872e+13,-2.33238e+12
665,-1.0501e+14,-7.77853e+12,-3.15346e+13,-2.33589e+12
666,-1.05326e+14,-7.80192e+12,-3.1582e+13,-2.33941e+12
667,-1.05642e+14,-7.82535e+12,-3.16294e+13,-2.34292e+12
668,-1.05959e+14,-7.84882e+12,-3.16768e+13,-2.34643e+12
669,-1.06276e+14,-7.87232e+12,-3.17243e+13,-2.34995e+12
670,-1.06594e+14,-7.89585e+12,-3.17717e+13,-2.35346e+12
671,-1.06912e+14,-7.91942e+12,-3.18191e+13,-2.35697e+12
672,-1.07231e+14,-7.94303e+12,-3.18665e+13,-2.36048e+12
673,-1.0755e+14,-7.96667e+12,-3.19139e+13,-2.364e+12
674,-1.0787e+14,-7.99034e+12,-3.19614e+13,-2.36751e+12
675,-1.0819e+14,-8.01405e+12,-3.20088e+13,-2.37102e+12
676,-1.0851e+14,-8.0378e+12,-3.20562e+13,-2.37453e+12
677,-1.08831e+14,-8.06158e+12,-3.21036e+13,-2.37805e+12
678,-1.09153e+14,-8.08539e+12,-3.2151e+13,-2.38156e+12
679,-1.09475e+14,-8.10924e+12,-3.21985e+13,-2.38507e+12
680,-1.09797e+14,-8.13313e+12,-3.22459e+13,-2.38858e+12
681,-1.1012e+14,-8.15705e+12,-3.22933e+13,-2.3921e+12
682,-1.10444e+14,-8.18101e+12,-3.23407e+13,-2.39561e+12
683,-1.10767e+14,-8.205e+12,-3.23881e+13,-2.39912e+12
684,-1.11092e+14,-8.22902e+12,-3.24356e+13,-2.40263e+12
685,-1.11417e+14,-8.25308e+12,-3.2483e+13,-2.40615e+12
686,-1.11742e+14,-8.27718e+12,-3.25304e+13,-2.40966e+12
687,-1.12068e+14,-8.30131e+12,-3.25778e+13,-2.41317e+12
688,-1.12394e+14,-8.32548e+12,-3.26252e+13,-2.41668e+12
689,-1.12721e+14,-8.34968e+12,-3.26727e+13,-2.4202e+12
690,-1.13048e+14,-8.37392e+12,-3.27201e+13,-2.42371e+12
691,-1.13376e+14,-8.39819e+12,-3.27675e+13,-2.42722e+12
692,-1.13704e+14,-8.4225e+12,-3.28149e+13,-2.43074e+12
693,-1.14032e+14,-8.44684e+12,-3.28623e+13,-2.43425e+12
694,-1.14361e+14,-8.47122e+12,-3.29098e+13,-2.43776e+12
695,-1.14691e+14,-8.49563e+12,-3.29572e+13,-2.44127e+12
696,-1.15021e+14,-8.52008e+12,-3.30046e+13,-2.44479e+12
697,-1.15352e+14,-8.54456e+12,-3.3052e+13,-2.4483e+12
698,-1.15683e+14,-8.56908e+12,-3.30995e+13,-2.45181e+12
699,-1.16014e+14,-8.59363e+12,-3.31469e+13,-2.45532e+12
700,-1.16346e+14,-8.61822e+12,-3.31943e+13,-2.45884e+12
701,-1.16678e+14,-8.64285e+12,-3.32417e+13,-2.46235e+12
702,-1.17011e+14,-8.6675e+12,-3.32891e+13,-2.46586e+12
703,-1.17345e+14,-8.6922e+12,-3.33366e+13,-2.46937e+12
704,-1.17679e+14,-8.71693e+12,-3.3384e+13,-2.47289e+12
705,-1.18013e+14,-8.74169e+12,-3.34314e+13,-2.4764e+12
706,-1.18348e+14,-8.76649e+12,-3.34788e+13,-2.47991e+12
707,-1.18683e+14,-8.79132e+12,-3.35262e+13,-2.48342e+12
708,-1.19019e+14,-8.81619e+12,-3.35737e+13,-2.48694e+12
709,-1.19355e+14,-8.8411e+12,-3.36211e+13,-2.49045e+12
710,-1.19692e+14,-8.86604e+12,-3.36685e+13,-2.49396e+12
711,-1.20029e+14,-8.89101e+12,-3.37159e+13,-2.49748e+12
712,-1.20366e+14,-8.91602e+12,-3.37633e+13,-2.50099e+12
713,-1.20704e+14,-8.94107e+12,-3.38108e+13,-2.5045e+12
714,-1.21043e+14,-8.96615e+12,-3.38582e+13,-2.50801e+12
715,-1.21382e+14,-8.99126e+12,-3.39056e+13,-2.51153e+12
716,-1.21722e+14,-9.01641e+12,-3.3953e+13,-2.51504e+12
717,-1.22062e+14,-9.0416e+12,-3.40004e+13,-2.51855e+12
718,-1.22402e+14,-9.06682e+12,-3.40479e+13,-2.52206e+12
719,-1.22743e+14,-9.09207e+12,-3.40953e+13,-2.52558e+12
720,-1.23084e+14,-9.11737e+12,-3.41427e+13,-2.52909e+12
721,-1.23426e+14,-9.14269e+12,-3.41901e+13,-2.5326e+12
722,-1.23769e+14,-9.16805e+12,-3.42375e+13,-2.53611e+12
723,-1.24112e+14,-9.19345e+12,-3.4285e+13,-2.53963e+12
724,-1.24455e+14,-9.21888e+12,-3.43324e+13,-2.54314e+12
725,-1.24799e+14,-9.24435e+12,-3.43798e+13,-2.54665e+12
726,-1.25143e+14,-9.26985e+12,-3.44272e+13,-2.55016e+12
727,-1.25488e+14,-9.29539e+12,-3.44746e+13,-2.55368e+12
728,-1.25833e+14,-9.32096e+12,-3.45221e+13,-2.55719e+12
729,-1.26179e+14,-9.34656e+12,-3.45695e+13,-2.5607e+12
730,-1.26525e+14,-9.37221e+12,-3.46169e+13,-2.56422e+12
731,-1.26871e+14,-9.39788e+12,-3.46643e+13,-2.56773e+12
732,-1.27219e+14,-9.4236e+12,-3.47117e+13,-2.57124e+12
733,-1.27566e+14,-9.44934e+12,-3.47592e+13,-2.57475e+12
734,-1.27914e+14,-9.47513e+12,-3.48066e+13,-2.57827e+12
735,-1.28263e+14,-9.50094e+12,-3.4854e+13,-2.58178e+12
736,-1.28612e+14,-9.5268e+12,-3.49014e+13,-2.58529e+12
737,-1.28961e+14,-9.55268e+12,-3.49488e+13,-2.5888e+12
738,-1.29311e+14,-9.57861e+12,-3.49963e+13,-2.59232e+12
739,-1.29662e+14,-9.60457e+12,-3.50437e+13,-2.59583e+12
740,-1.30013e+14,-9.63056e+12,-3.50911e+13,-2.59934e+12
741,-1.30364e+14,-9.65659e+12,-3.51385e+13,-2.60285e+12
742,-1.30716e+14,-9.68265e+12,-3.51859e+13,-2.60637e+12
743,-1.31068e+14,-9.70875e+12,-3.52334e+13,-2.60988e+12
744,-1.31421e+14,-9.73488e+12,-3.52808e+13,-2.61339e+12
745,-1.31774e+14,-9.76105e+12,-3.53282e+13,-2.6169e+12
746,-1.32128e+14,-9.78726e+12,-3.53756e+13,-2.62042e+12
747,-1.32482e+14,-9.8135e+12,-3.54231e+13,-2.62393e+12
748,-1.32837e+14,-9.83977e+12,-3.54705e+13,-2.62744e+12
749,-1.33192e+14,-9.86608e+12,-3.55179e+13,-2.63095e+12
750,-1.33548e+14,-9.89243e+12,-3.55653e+13,-2.63447e+12
751,-1.33904e+14,-9.91881e+12,-3.56127e+13,-2.63798e+12
752,-1.3426e+14,-9.94522e+12,-3.56602e+13,-2.64149e+12
753,-1.34618e+14,-9.97167e+12,-3.57076e+13,-2.64501e+12
754,-1.34975e+14,-9.99816e+12,-3.5755e+13,-2.64852e+12
755,-1.35333e+14,-1.00247e+13,-3.58024e+13,-2.65203e+12
756,-1.35692e+14,-1.00512e+13,-3.58498e+13,-2.65554e+12
757,-1.36051e+14,-1.00778e+13,-3.58973e+13,-2.65906e+12
758,-1.3641e+14,-1.01044e+13,-3.59447e+13,-2.66257e+12
759,-1.3677e+14,-1.01311e+13,-3.59921e+13,-2.66608e+12
760,-1.3713e+14,-1.01578e+13,-3.60395e+13,-2.66959e+12
761,-1.37491e+14,-1.01845e+13,-3.60869e+13,-2.67311e+12
762,-1.37853e+14,-1.02113e+13,-3.61344e+13,-2.67662e+12
763,-1.38214e+14,-1.02381e+13,-3.61818e+13,-2.68013e+12
764,-1.38577e+14,-1.02649e+13,-3.62292e+13,-2.68364e+12
765,-1.38939e+14,-1.02918e+13,-3.62766e+13,-2.68716e+12
766,-1.39303e+14,-1.03187e+13,-3.6324e+13,-2.69067e+12
767,-1.39666e+14,-1.03457e+13,-3.63715e+13,-2.69418e+12
768,-1.40031e+14,-1.03726e+13,-3.64189e+13,-2.69769e+12
769,-1.40395e+14,-1.03996e+13,-3.64663e+13,-2.70121e+12
770,-1.4076e+14,-1.04267e+13,-3.65137e+13,-2.70472e+12
771,-1.41126e+14,-1.04538e+13,-3.65611e+13,-2.70823e+12
772,-1.41492e+14,-1.04809e+13,-3.66086e+13,-2.71175e+12
773,-1.41859e+14,-1.0508e+13,-3.6656e+13,-2.71526e+12
774,-1.42226e+14,-1.05352e+13,-3.67034e+13,-2.71877e+12
775,-1.42593e+14,-1.05625e+13,-3.67508e+13,-2.72228e+12
776,-1.42961e+14,-1.05897e+13,-3.67982e+13,-2.7258e+12
777,-1.4333e+14,-1.0617e+13,-3.68457e+13,-2.72931e+12
778,-1.43699e+14,-1.06443e+13,-3.68931e+13,-2.73282e+12
779,-1.44068e+14,-1.06717e+13,-3.69405e+13,-2.73633e+12
780,-1.44438e+14,-1.06991e+13,-3.69879e+13,-2.73985e+12
781,-1.44808e+14,-1.07265e+13,-3.70353e+13,-2.74336e+12
782,-1.45179e+14,-1.0754e+13,-3.70828e+13,-2.74687e+12
783,-1.4555e+14,-1.07815e+13,-3.71302e+13,-2.75038e+12
784,-1.45922e+14,-1.0809e+13,-3.71776e+13,-2.7539e+12
785,-1.46294e+14,-1.08366e+13,-3.7225e+13,-2.75741e+12
786,-1.46667e+14,-1.08642e+13,-3.72724e+13,-2.76092e+12
787,-1.4704e+14,-1.08919e+13,-3.73199e+13,-2.76443e+12
788,-1.47414e+14,-1.09196e+13,-3.73673e+13,-2.76795e+12
789,-1.47788e+14,-1.09473e+13,-3.74147e+13,-2.77146e+12
790,-1.48163e+14,-1.0975e+13,-3.74621e+13,-2.77497e+12
791,-1.48538e+14,-1.10028e+13,-3.75095e+13,-2.77849e+12
792,-1.48913e+14,-1.10306e+13,-3.7557e+13,-2.782e+12
793,-1.49289e+14,-1.10585e+13,-3.76044e+13,-2.78551e+12
794,-1.49666e+14,-1.10864e+13,-3.76518e+13,-2.78902e+12
795,-1.50043e+14,-1.11143e+13,-3.76992e+13,-2.79254e+12
796,-1.5042e+14,-1.11423e+13,-3.77467e+13,-2.79605e+12
797,-1.50798e+14,-1.11702e+13,-3.77941e+13,-2.79956e+12
798,-1.51177e+14,-1.11983e+13,-3.78415e+13,-2.80307e+12
799,-1.51556e+14,-1.12263e+13,-3.78889e+13,-2.80659e+12
800,-1.51935e+14,-1.12544e+13,-3.79363e+13,-2.8101e+12
801,-1.52315e+14,-1.12826e+13,-3.79838e+13,-2.81361e+12
802,-1.52695e+14,-1.13108e+13,-3.80312e+13,-2.81712e+12
803,-1.53076e+14,-1.1339e+13,-3.80786e+13,-2.82064e+12
804,-1.53457e+14,-1.13672e+13,-3.8126e+13,-2.82415e+12
805,-1.53839e+14,-1.13955e+13,-3.81734e+13,-2.82766e+12
806,-1.54221e+14,-1.14238e+13,-3.82209e+13,-2.83117e+12
807,-1.54604e+14,-1.14521e+13,-3.82683e+13,-2.83469e+12
808,-1.54987e+14,-1.14805e+13,-3.83157e+13,-2.8382e+12
809,-1.55371e+14,-1.15089e+13,-3.83631e+13,-2.84171e+12
810,-1.55755e+14,-1.15374e+13,-3.84105e+13,-2.84523e+12
811,-1.56139e+14,-1.15659e+13,-3.8458e+13,-2.84874e+12
812,-1.56524e+14,-1.15944e+13,-3.85054e+13,-2.85225e+12
813,-1.5691e+14,-1.1623e+13,-3.85528e+13,-2.85576e+12
814,-1.57296e+14,-1.16515e+13,-3.86002e+13,-2.85928e+12
815,-1.57682e+14,-1.16802e+13,-3.86476e+13,-2.86279e+12
816,-1.58069e+14,-1.17088e+13,-3.86951e+13,-2.8663e+12
817,-1.58457e+14,-1.17375e+13,-3.87425e+13,-2.86981e+12
818,-1.58845e+14,-1.17663e+13,-3.87899e+13,-2.87333e+12
819,-1.59233e+14,-1.1795e+13,-3.88373e+13,-2.87684e+12
820,-1.59622e+14,-1.18238e+13,-3.88847e+13,-2.88035e+12
821,-1.60011e+14,-1.18527e+13,-3.89322e+13,-2.88386e+12
822,-1.60401e+14,-1.18816e+13,-3.89796e+13,-2.88738e+12
823,-1.60791e+14,-1.19105e+13,-3.9027e+13,-2.89089e+12
824,-1.61182e+14,-1.19394e+13,-3.90744e+13,-2.8944e+12
825,-1.61573e+14,-1.19684e+13,-3.91218e+13,-2.89791e+12
826,-1.61965e+14,-1.19974e+13,-3.91693e+13,-2.90143e+12
827,-1.62357e+14,-1.20265e+13,-3.92167e+13,-2.90494e+12
828,-1.6275e+14,-1.20555e+13,-3.92641e+13,-2.90845e+12
829,-1.63143e+14,-1.20847e+13,-3.93115e+13,-2.91196e+12
830,-1.63536e+14,-1.21138e+13,-3.93589e+13,-2.91548e+12
831,-1.6393e+14,-1.2143e+13,-3.94064e+13,-2.91899e+12
832,-1.64325e+14,-1.21722e+13,-3.94538e+13,-2.9225e+12
833,-1.6472e+14,-1.22015e+13,-3.95012e+13,-2.92602e+12
834,-1.65116e+14,-1.22308e+13,-3.95486e+13,-2.92953e+12
835,-1.65511e+14,-1.22601e+13,-3.9596e+13,-2.93304e+12
836,-1.65908e+14,-1.22895e+13,-3.96435e+13,-2.93655e+12
837,-1.66305e+14,-1.23189e+13,-3.96909e+13,-2.94007e+12
838,-1.66702e+14,-1.23483e+13,-3.97383e+13,-2.94358e+12
839,-1.671e+14,-1.23778e+13,-3.97857e+13,-2.94709e+12
840,-1.67498e+14,-1.24073e+13,-3.98332e+13,-2.9506e+12
841,-1.67897e+14,-1.24368e+13,-3.98806e+13,-2.95412e+12
842,-1.68296e+14,-1.24664e+13,-3.9928e+13,-2.95763e+12
843,-1.68696e+14,-1.2496e+13,-3.99754e+13,-2.96114e+12
844,-1.69096e+14,-1.25257e+13,-4.00228e+13,-2.96465e+12
845,-1.69497e+14,-1.25553e+13,-4.00703e+13,-2.96817e+12
846,-1.69898e+14,-1.25851e+13,-4.01177e+13,-2.97168e+12
847,-1.703e+14,-1.26148e+13,-4.01651e+13,-2.97519e+12
848,-1.70702e+14,-1.26446e+13,-4.02125e+13,-2.9787e+12
849,-1.71105e+14,-1.26744e+13,-4.02599e+13,-2.98222e+12
850,-1.71508e+14,-1.27043e+13,-4.03074e+13,-2.98573e+12
851,-1.71911e+14,-1.27342e+13,-4.03548e+13,-2.98924e+12
852,-1.72315e+14,-1.27641e+13,-4.04022e+13,-2.99276e+12
853,-1.7272e+14,-1.27941e+13,-4.04496e+13,-2.99627e+12
854,-1.73125e+14,-1.28241e+13,-4.0497e+13,-2.99978e+12
855,-1.7353e+14,-1.28541e+13,-4.05445e+13,-3.00329e+12
856,-1.73936e+14,-1.28842e+13,-4.05919e+13,-3.00681e+12
857,-1.74343e+14,-1.29143e+13,-4.06393e+13,-3.01032e+12
858,-1.74749e+14,-1.29444e+13,-4.06867e+13,-3.01383e+12
859,-1.75157e+14,-1.29746e+13,-4.07341e+13,-3.01734e+12
860,-1.75565e+14,-1.30048e+13,-4.07816e+13,-3.02086e+12
861,-1.75973e+14,-1.3035e+13,-4.0829e+13,-3.02437e+12
862,-1.76382e+14,-1.30653e+13,-4.08764e+13,-3.02788e+12
863,-1.76791e+14,-1.30956e+13,-4.09238e+13,-3.03139e+12
864,-1.77201e+14,-1.3126e+13,-4.09712e+13,-3.03491e+12
865,-1.77611e+14,-1.31564e+13,-4.10187e+13,-3.03842e+12
866,-1.78021e+14,-1.31868e+13,-4.10661e+13,-3.04193e+12
867,-1.78433e+14,-1.32172e+13,-4.11135e+13,-3.04544e+12
868,-1.78844e+14,-1.32477e+13,-4.11609e+13,-3.04896e+12
869,-1.79256e+14,-1.32782e+13,-4.12083e+13,-3.05247e+12
870,-1.79669e+14,-1.33088e+13,-4.12558e+13,-3.05598e+12
871,-1.80082e+14,-1.33394e+13,-4.13032e+13,-3.0595e+12
872,-1.80495e+14,-1.337e+13,-4.13506e+13,-3.06301e+12
873,-1.80909e+14,-1.34007e+13,-4.1398e+13,-3.06652e+12
874,-1.81324e+14,-1.34314e+13,-4.14454e+13,-3.07003e+12
875,-1.81739e+14,-1.34621e+13,-4.14929e+13,-3.07355e+12
876,-1.82154e+14,-1.34929e+13,-4.15403e+13,-3.07706e+12
877,-1.8257e+14,-1.35237e+13,-4.15877e+13,-3.08057e+12
878,-1.82986e+14,-1.35545e+13,-4.16351e+13,-3.08408e+12
879,-1.83403e+14,-1.35854e+13,-4.16825e+13,-3.0876e+12
880,-1.83821e+14,-1.36163e+13,-4.173e+13,-3.09111e+12
881,-1.84238e+14,-1.36473e+13,-4.17774e+13,-3.09462e+12
882,-1.84657e+14,-1.36783e+13,-4.18248e+13,-3.09813e+12
883,-1.85075e+14,-1.37093e+13,-4.18722e+13,-3.10165e+12
884,-1.85494e+14,-1.37403e+13,-4.19196e+13,-3.10516e+12
885,-1.85914e+14,-1.37714e+13,-4.19671e+13,-3.10867e+12
886,-1.86334e+14,-1.38025e+13,-4.20145e+13,-3.11218e+12
887,-1.86755e+14,-1.38337e+13,-4.20619e+13,-3.1157e+12
888,-1.87176e+14,-1.38649e+13,-4.21093e+13,-3.11921e+12
889,-1.87598e+14,-1.38961e+13,-4.21568e+13,-3.12272e+12
890,-1.8802e+14,-1.39274e+13,-4.22042e+13,-3.12623e+12
891,-1.88442e+14,-1.39587e+13,-4.22516e+13,-3.12975e+12
892,-1.88865e+14,-1.399e+13,-4.2299e+13,-3.13326e+12
893,-1.89289e+14,-1.40214e+13,-4.23464e+13,-3.13677e+12
894,-1.89712e+14,-1.40528e+13,-4.23939e+13,-3.14029e+12
895,-1.90137e+14,-1.40842e+13,-4.24413e+13,-3.1438e+12
896,-1.90562e+14,-1.41157e+13,-4.24887e+13,-3.14731e+12
897,-1.90987e+14,-1.41472e+13,-4.25361e+13,-3.15082e+12
898,-1.91413e+14,-1.41787e+13,-4.25835e+13,-3.15434e+12
899,-1.91839e+14,-1.42103e+13,-4.2631e+13,-3.15785e+12
900,-1.92266e+14,-1.42419e+13,-4.26784e+13,-3.16136e+12
901,-1.92693e+14,-1.42736e+13,-4.27258e+13,-3.16487e+12
902,-1.93121e+14,-1.43053e+13,-4.27732e+13,-3.16839e+12
903,-1.93549e+14,-1.4337e+13,-4.28206e+13,-3.1719e+12
904,-1.93978e+14,-1.43687e+13,-4.28681e+13,-3.17541e+12
905,-1.94407e+14,-1.44005e+13,-4.29155e+13,-3.17892e+12
906,-1.94837e+14,-1.44324e+13,-4.29629e+13,-3.18244e+12
907,-1.95267e+14,-1.44642e+13,-4.30103e+13,-3.18595e+12
908,-1.95697e+14,-1.44961e+13,-4.30577e+13,-3.18946e+12
909,-1.96128e+14,-1.4528e+13,-4.31052e+13,-3.19297e+12
910,-1.9656e+14,-1.456e+13,-4.31526e+13,-3.19649e+12
911,-1.96992e+14,-1.4592e+13,-4.32e+13,-3.2e+12
912,-1.97424e+14,-1.4624e+13,-4.32474e+13,-3.20351e+12
913,-1.97857e+14,-1.46561e+13,-4.32948e+13,-3.20703e+12
914,-1.98291e+14,-1.46882e+13,-4.33423e+13,-3.21054e+12
915,-1.98725e+14,-1.47204e+13,-4.33897e+13,-3.21405e+12
916,-1.99159e+14,-1.47525e+13,-4.34371e+13,-3.21756e+12
917,-1.99594e+14,-1.47847e+13,-4.34845e+13,-3.22108e+12
918,-2.00029e+14,-1.4817e+13,-4.35319e+13,-3.22459e+12
919,-2.00465e+14,-1.48493e+13,-4.35794e+13,-3.2281e+12
920,-2.00901e+14,-1.48816e+13,-4.36268e+13,-3.23161e+12
921,-2.01338e+14,-1.49139e+13,-4.36742e+13,-3.23513e+12
922,-2.01775e+14,-1.49463e+13,-4.37216e+13,-3.23864e+12
923,-2.02213e+14,-1.49787e+13,-4.3769e+13,-3.24215e+12
924,-2.02651e+14,-1.50112e+13,-4.38165e+13,-3.24566e+12
925,-2.0309e+14,-1.50437e+13,-4.38639e+13,-3.24918e+12
926,-2.03529e+14,-1.50762e+13,-4.39113e+13,-3.25269e+12
927,-2.03968e+14,-1.51088e+13,-4.39587e+13,-3.2562e+12
928,-2.04409e+14,-1.51414e+13,-4.40061e+13,-3.25971e+12
929,-2.04849e+14,-1.5174e+13,-4.40536e+13,-3.26323e+12
930,-2.0529e+14,-1.52067e+13,-4.4101e+13,-3.26674e+12
931,-2.05732e+14,-1.52394e+13,-4.41484e+13,-3.27025e+12
932,-2.06174e+14,-1.52721e+13,-4.41958e+13,-3.27377e+12
933,-2.06616e+14,-1.53049e+13,-4.42432e+13,-3.27728e+12
934,-2.07059e+14,-1.53377e+13,-4.42907e+13,-3.28079e+12
935,-2.07502e+14,-1.53705e+13,-4.43381e+13,-3.2843e+12
936,-2.07946e+14,-1.54034e+13,-4.43855e+13,-3.28782e+12
937,-2.0839e+14,-1.54363e+13,-4.44329e+13,-3.29133e+12
938,-2.08835e+14,-1.54693e+13,-4.44804e+13,-3.29484e+12
939,-2.09281e+14,-1.55023e+13,-4.45278e+13,-3.29835e+12
940,-2.09726e+14,-1.55353e+13,-4.45752e+13,-3.30187e+12
941,-2.10173e+14,-1.55683e+13,-4.46226e+13,-3.30538e+12
942,-2.10619e+14,-1.56014e+13,-4.467e+13,-3.30889e+12
943,-2.11066e+14,-1.56345e+13,-4.47175e+13,-3.3124e+12
944,-2.11514e+14,-1.56677e+13,-4.47649e+13,-3.31592e+12
945,-2.11962e+14,-1.57009e+13,-4.48123e+13,-3.31943e+12
946,-2.12411e+14,-1.57341e+13,-4.48597e+13,-3.32294e+12
947,-2.1286e+14,-1.57674e+13,-4.49071e+13,-3.32645e+12
948,-2.13309e+14,-1.58007e+13,-4.49546e+13,-3.32997e+12
949,-2.13759e+14,-1.5834e+13,-4.5002e+13,-3.33348e+12
950,-2.1421e+14,-1.58674e+13,-4.50494e+13,-3.33699e+12
951,-2.14661e+14,-1.59008e+13,-4.50968e+13,-3.3405e+12
952,-2.15112e+14,-1.59342e+13,-4.51442e+13,-3.34402e+12
953,-2.15564e+14,-1.59677e+13,-4.51917e+13,-3.34753e+12
954,-2.16017e+14,-1.60012e+13,-4.52391e+13,-3.35104e+12
955,-2.16469e+14,-1.60348e+13,-4.52865e+13,-3.35456e+12
956,-2.16923e+14,-1.60684e+13,-4.53339e+13,-3.35807e+12
957,-2.17377e+14,-1.6102e+13,-4.53813e+13,-3.36158e+12
958,-2.17831e+14,-1.61356e+13,-4.54288e+13,-3.36509e+12
959,-2.18286e+14,-1.61693e+13,-4.54762e+13,-3.36861e+12
960,-2.18741e+14,-1.6203e+13,-4.55236e+13,-3.37212e+12
961,-2.19197e+14,-1.62368e+13,-4.5571e+13,-3.37563e+12
962,-2.19653e+14,-1.62706e+13,-4.56184e+13,-3.37914e+12
963,-2.20109e+14,-1.63044e+13,-4.56659e+13,-3.38266e+12
964,-2.20567e+14,-1.63383e+13,-4.57133e+13,-3.38617e+12
965,-2.21024e+14,-1.63722e+13,-4.57607e+13,-3.38968e+12
966,-2.21482e+14,-1.64061e+13,-4.58081e+13,-3.39319e+12
967,-2.21941e+14,-1.64401e+13,-4.58555e+13,-3.39671e+12
968,-2.224e+14,-1.64741e+13,-4.5903e+13,-3.40022e+12
969,-2.22859e+14,-1.65081e+13,-4.59504e+13,-3.40373e+12
970,-2.23319e+14,-1.65422e+13,-4.59978e+13,-3.40724e+12
971,-2.2378e+14,-1.65763e+13,-4.60452e+13,-3.41076e+12
972,-2.24241e+14,-1.66104e+13,-4.60926e+13,-3.41427e+12
973,-2.24702e+14,-1.66446e+13,-4.61401e+13,-3.41778e+12
974,-2.25164e+14,-1.66788e+13,-4.61875e+13,-3.4213e+12
975,-2.25626e+14,-1.67131e+13,-4.62349e+13,-3.42481e+12
976,-2.26089e+14,-1.67473e+13,-4.62823e+13,-3.42832e+12
977,-2.26552e+14,-1.67817e+13,-4.63297e+13,-3.43183e+12
978,-2.27016e+14,-1.6816e+13,-4.63772e+13,-3.43535e+12
979,-2.2748e+14,-1.68504e+13,-4.64246e+13,-3.43886e+12
980,-2.27945e+14,-1.68848e+13,-4.6472e+13,-3.44237e+12
981,-2.2841e+14,-1.69193e+13,-4.65194e+13,-3.44588e+12
982,-2.28876e+14,-1.69538e+13,-4.65668e+13,-3.4494e+12
983,-2.29342e+14,-1.69883e+13,-4.66143e+13,-3.45291e+12
984,-2.29809e+14,-1.70229e+13,-4.66617e+13,-3.45642e+12
985,-2.30276e+14,-1.70575e+13,-4.67091e+13,-3.45993e+12
986,-2.30743e+14,-1.70921e+13,-4.67565e+13,-3.46345e+12
987,-2.31212e+14,-1.71268e+13,-4.6804e+13,-3.46696e+12
988,-2.3168e+14,-1.71615e+13,-4.68514e+13,-3.47047e+12
989,-2.32149e+14,-1.71962e+13,-4.68988e+13,-3.47398e+12
990,-2.32618e+14,-1.7231e+13,-4.69462e+13,-3.4775e+12
991,-2.33088e+14,-1.72658e+13,-4.69936e+13,-3.48101e+12
992,-2.33559e+14,-1.73007e+13,-4.70411e+13,-3.48452e+12
993,-2.3403e+14,-1.73355e+13,-4.70885e+13,-3.48804e+12
994,-2.34501e+14,-1.73705e+13,-4.71359e+13,-3.49155e+12
995,-2.34973e+14,-1.74054e+13,-4.71833e+13,-3.49506e+12
996,-2.35445e+14,-1.74404e+13,-4.72307e+13,-3.49857e+12
997,-2.35918e+14,-1.74754e+13,-4.72782e+13,-3.50209e+12
998,-2.36391e+14,-1.75105e+13,-4.73256e+13,-3.5056e+12
999,-2.36865e+14,-1.75456e+13,-4.7373e+13,-3.50911e+12
